{"uv": [[0.09430339932441711, 0.28659772872924805], [0.09430339932441711, 0.6993823647499084], [0.39779189229011536, 0.2770422697067261], [0.39779189229011536, 0.7087574601173401], [0.652203381061554, 0.32719266414642334], [0.652203381061554, 0.6600098609924316], [0.8538223505020142, 0.33169305324554443], [0.8538223505020142, 0.6556878685951233]], "3DIoU": 0.0}